Name,ADP
Connor McDavid,1.5
Nathan MacKinnon,2.0
Nikita Kucherov,3.7
Macklin Celebrini,4.3
Leon Draisaitl,5.6
Cale Makar,6.9
David Pastrnak,7.9
Kirill Kaprizov,9.2
Jason Robertson,9.6
Andrei Vasilevskiy,11.2
Quinn Hughes,11.9
Nick Suzuki,12.7
Zach Werenski,14.9
Auston Matthews,15.8
Evan Bouchard,15.8
Martin Necas,16.3
Cole Caufield,17.8
Jack Hughes,18.4
Wyatt Johnston,19.9
Lane Hutson,20.5
Matt Boldy,21.6
Jack Eichel,22.4
Brady Tkachuk,25.0
Mikko Rantanen,25.7
Jake Oettinger,25.8
Tage Thompson,29.6
Logan Thompson,30.0
Kyle Connor,30.3
Matthew Schaefer,31.6
Jake Guentzel,32.7
Cutter Gauthier,33.1
Matthew Tkachuk,33.5
Connor Hellebuyck,34.2
Rasmus Dahlin,34.7
Ilya Sorokin,35.1
Mark Scheifele,36.4
Brandon Hagel,37.6
Alex DeBrincat,40.9
Dylan Guenther,41.3
Mitch Marner,41.4
Igor Shesterkin,41.6
William Nylander,42.3
Clayton Keller,43.9
Leo Carlsson,45.0
Sam Reinhart,46.8
Tim Stutzle,47.9
Artemi Panarin,50.9
Jakob Chychrun,51.5
Scott Wedgewood,51.9
Darren Raddysh,52.1
Sidney Crosby,52.4
Juraj Slafkovský,52.7
Moritz Seider,54.6
Adrian Kempe,55.1
Aleksander Barkov,55.8
Filip Forsberg,56.1
Adam Fox,56.7
Jesper Wallstedt,59.1
Jeremy Swayman,61.2
Jake Sanderson,62.4
Kirill Marchenko,63.7
Will Smith,63.9
Porter Martone,68.1
Karel Vejmelka,69.2
Miro Heiskanen,70.4
Connor Bedard,71.5
Pavel Dorofeyev,71.6
Erik Karlsson,73.7
Lucas Raymond,74.7
Jacob Markstrom,75.2
Sebastian Aho,75.2
Robert Thomas,75.7
Jesper Bratt,76.6
Brandon Bussi,77.9
Roman Josi,79.0
Jackson LaCombe,79.2
Brock Faber,81.7
Jakub Dobes,82.2
Brayden Point,82.5
Drake Batherson,83.0
Josh Morrissey,84.1
John Carlson,84.3
Mika Zibanejad,84.4
Ivan Demidov,85.3
Alex Tuch,89.6
Victor Hedman,91.4
Cole Hutson,92.2
Mikhail Sergachev,92.2
Nick Schmaltz,93.1
Sergei Bobrovsky,93.3
Gavin McKenna,94.2
Noah Dobson,94.8
Alex Ovechkin,97.2
Mackenzie Blackwood,97.2
Shayne Gostisbehere,99.1
Charlie McAvoy,99.2
Zach Hyman,99.5
Shea Theodore,100.6
Timo Meier,101.6
Beckett Sennecke,103.1
Dylan Larkin,103.5
Juuse Saros,104.8
Dylan Holloway,105.7
Brandt Clarke,105.8
Adam Fantilli,106.6
Mark Stone,107.2
Rasmus Andersson,109.2
Morgan Geekie,110.3
Dougie Hamilton,111.2
Roope Hintz,112.4
J.T. Miller,113.0
MacKenzie Weegar,113.3
Bowen Byram,115.5
Nikolaj Ehlers,116.5
Logan Cooley,116.7
Thomas Harley,117.0
Matthew Knies,117.8
Ukko-Pekka Luukkonen,117.8
Andrei Svechnikov,117.9
Brandon Montour,119.5
Jet Greaves,123.1
Steven Stamkos,123.2
Seth Jarvis,123.4
Seth Jones,125.1
Bo Horvat,125.4
Kevin Lankinen,125.4
John Tavares,126.2
Bryan Rust,126.7
Yaroslav Askarov,127.0
Carter Hart,127.3
Vince Dunn,127.9
Mattias Ekholm,128.3
Jordan Binnington,128.4
Nico Hischier,129.3
Mats Zuccarello,129.4
Joel Hofer,129.6
Michael Misa,129.8
Tom Wilson,130.0
Adin Hill,130.0
Travis Konecny,130.1
Stuart Skinner,130.3
Arturs Silovs,130.4
Trevor Zegras,130.5
Patrick Kane,131.0
Mattias Samuelsson,131.6
Spencer Knight,131.8
Linus Ullmark,131.9
Gabe Perreault,131.9
Mason Marchment,131.9
Kris Letang,131.9
Mason McTavish,132.3
Nikita Zadorov,132.5
Rickard Rakell,132.6
James Hagens,132.6
Olen Zellweger,132.6
Aaron Ekblad,132.6
Joseph Woll,132.7
Egor Chinakhov,132.9
Luke Hughes,133.0
Kiefer Sherwood,133.0
Anthony Stolarz,133.0
Drew Doughty,133.1
Jack Roslovic,133.2
Brayden McNabb,133.2
Brock Nelson,133.3
Jake Neighbours,133.3
Tyler Toffoli,133.4
Sam Bennett,133.5
Vincent Trocheck,133.5
Ryan Leonard,133.6
Filip Gustavsson,133.7
Jake McCabe,133.9
Devon Toews,134.0
Tyson Foerster,134.1
Chris Kreider,134.4
Josh Doan,134.6
Lukas Dostal,134.7
Gabriel Landeskog,134.8
Colton Parayko,134.8
Sam Rinzel,135.0
Tyler Bertuzzi,135.0
Oliver Ekman-Larsson,135.2
Simon Edvinsson,135.3
Sergei Murashov,135.3
Frederik Andersen,135.3
Jake Walman,135.3
Brock Boeser,135.6
Anthony Cirelli,135.7
Ivar Stenberg,135.8
Jake Allen,135.9
Philip Broberg,136.0
Mike Matheson,136.2
J.J. Moser,136.2
Quinton Byfield,136.4
K'Andre Miller,136.6
Pyotr Kochetkov,136.6
Owen Power,136.7
Jimmy Snuggerud,136.8
Denton Mateychuk,136.8
Bobby McMann,136.9
Owen Tippett,137.1
Tristan Jarry,137.2
Igor Chernyshov,137.3
Darnell Nurse,137.4
Logan Stankoven,137.5
Vladislav Gavrikov,137.7
Anton Frondell,137.8
Zayne Parekh,138.0
Brent Burns,138.0
Elias Pettersson,138.4
Dustin Wolf,138.4
Joey Daccord,138.4
Matvei Michkov,138.5
John Gibson,138.5
Morgan Rielly,138.5
Matt Duchene,138.6
Zeev Buium,138.6
Dan Vladar,138.7
Ryan Nugent-Hopkins,138.9
Noah Hanifin,138.9
Pavel Buchnevich,139.1
Dmitry Orlov,139.1
Jacob Trouba,139.3
Artturi Lehkonen,139.5
Carter Verhaeghe,139.6
Joel Eriksson Ek,139.7
Mathew Barzal,139.7
Jordan Kyrou,139.9
William Eklund,140.0
Aliaksei Protas,140.0
Filip Hronek,140.6
Travis Sanheim,140.9
JJ Peterka,141.0
Sam Malinski,141.0
Dylan Cozens,141.1
Evgeni Malkin,141.2
Jackson Blake,141.4
Valeri Nichushkin,141.5
Justin Faulk,141.6
Anthony Mantha,141.7
Alexis Lafreniere,141.8
Esa Lindell,141.8
Alexander Nikishin,142.1
Thomas Chabot,142.1
Dylan Strome,142.2
Simon Nemec,142.9
Ivan Provorov,143.0
Alex Laferriere,143.1
Sean Walker,143.2
Jared McCann,143.5
Pavel Zacha,143.8
Gabriel Vilardi,144.2
Ryan O'Reilly,144.2
Brad Marchand,144.4
Tomas Hertl,144.9
Luke Evangelista,145.3
Nazem Kadri,145.4
Zach Benson,146.1
Darcy Kuemper,146.8
Kevin Fiala,148.7
Alex Lyon,150.7
