playerId,goalieFullName,gamesPlayed,wins,goalsAgainst,saves,shutouts,season
8483575,Matt Murray,1,1,0,23,1,20232024
8481611,Pyotr Kochetkov,42,23,92,939,4,20232024
8476316,Laurent Brossoit,23,15,45,575,3,20232024
8480313,Logan Thompson,46,25,119,1179,1,20232024
8478435,Dan Vladar,20,8,68,506,0,20232024
8475683,Sergei Bobrovsky,58,36,135,1449,6,20232024
8480193,Daniil Tarasov,24,8,73,723,0,20232024
8482661,Jesper Wallstedt,3,2,9,78,1,20232024
8481544,Mads Sogaard,6,1,19,116,0,20232024
8474596,Jake Allen,34,12,114,973,0,20232024
8479496,David Rittich,24,13,49,572,3,20232024
8478433,Felix Sandstrom,5,1,17,79,0,20232024
8475311,Darcy Kuemper,33,13,103,837,1,20232024
8477465,Tristan Jarry,51,19,133,1236,6,20232024
8478872,Karel Vejmelka,38,13,114,977,1,20232024
8479406,Filip Gustavsson,45,20,129,1154,3,20232024
8477968,Alex Nedeljkovic,38,18,102,937,1,20232024
8476883,Andrei Vasilevskiy,52,30,148,1329,2,20232024
8476904,Chris Driedger,2,1,5,55,0,20232024
8479973,Stuart Skinner,59,36,147,1406,2,20232024
8482821,Arvid Soderblom,32,5,114,829,0,20232024
8480981,Joel Hofer,30,15,72,759,1,20232024
8478905,Ivan Fedotov,3,0,10,43,0,20232024
8474593,Jacob Markstrom,48,23,131,1248,2,20232024
8478406,Mackenzie Blackwood,44,10,140,1243,2,20232024
8473575,Semyon Varlamov,28,14,69,768,3,20232024
8478916,Joey Daccord,50,19,116,1258,3,20232024
8477992,Jonas Johansson,26,12,83,669,2,20232024
8476999,Linus Ullmark,40,22,103,1105,2,20232024
8476876,Malcolm Subban,1,0,3,32,0,20232024
8480843,Lukas Dostal,44,14,129,1181,1,20232024
8475789,Jack Campbell,5,1,20,137,0,20232024
8479394,Carter Hart,26,12,68,659,1,20232024
8480191,Matt Villalta,2,0,5,24,0,20232024
8480947,Kevin Lankinen,24,11,56,554,1,20232024
8475717,Calvin Pickard,23,12,53,528,1,20232024
8476945,Connor Hellebuyck,60,37,142,1656,5,20232024
8479292,Charlie Lindgren,50,25,127,1304,6,20232024
8478039,Kaapo Kahkonen,37,7,116,1023,1,20232024
8475831,Philipp Grubauer,36,14,95,846,2,20232024
8471734,Jonathan Quick,27,18,69,702,2,20232024
8482982,Jet Greaves,9,3,30,297,0,20232024
8476412,Jordan Binnington,57,28,156,1630,3,20232024
8477480,Eric Comrie,10,2,32,222,0,20232024
8480238,Jiri Patera,6,1,21,175,0,20232024
8473503,James Reimer,25,11,70,657,2,20232024
8474636,Michael Hutchinson,1,0,3,33,0,20232024
8482137,Yaroslav Askarov,2,1,2,33,0,20232024
8474889,Martin Jones,22,11,56,518,2,20232024
8482221,Devon Levi,23,10,67,599,0,20232024
8481668,Arturs Silovs,4,3,10,74,0,20232024
8481033,Akira Schmid,19,5,48,409,0,20232024
8477361,Calvin Petersen,5,2,18,114,0,20232024
8477035,Matt Tomkins,6,3,20,165,0,20232024
8478024,Ville Husso,19,9,60,496,0,20232024
8480280,Jeremy Swayman,44,25,108,1179,3,20232024
8477484,Spencer Martin,19,7,59,474,0,20232024
8481020,Justus Annunen,14,8,30,384,2,20232024
8481031,Ivan Prosvetov,11,4,26,222,0,20232024
8475809,Scott Wedgewood,32,16,85,759,0,20232024
8476914,Joonas Korpisalo,55,21,168,1354,0,20232024
8477293,Antti Raanta,24,12,63,430,1,20232024
8480992,Magnus Chrona,9,1,37,225,0,20232024
8475852,Petr Mrazek,56,18,160,1565,1,20232024
8479193,Casey DeSmith,29,12,80,680,1,20232024
8475839,Louis Domingue,1,1,1,25,0,20232024
8478499,Adin Hill,35,19,89,890,2,20232024
8476341,Anton Forsberg,30,15,84,681,2,20232024
8477424,Juuse Saros,64,35,173,1672,3,20232024
8476434,John Gibson,46,13,151,1192,0,20232024
8480382,Alexandar Georgiev,63,38,183,1588,2,20232024
8480051,Cayden Primeau,23,8,66,665,2,20232024
8477970,Vitek Vanecek,32,17,95,767,0,20232024
8482076,Nico Daws,21,9,60,508,0,20232024
8478470,Samuel Montembeault,41,16,127,1180,0,20232024
8476932,Anthony Stolarz,27,16,51,633,2,20232024
8477831,Pheonix Copley,8,4,23,154,1,20232024
8479312,Alex Lyon,44,21,127,1198,2,20232024
8478492,Ilya Samsonov,40,23,120,967,3,20232024
8478048,Igor Shesterkin,55,36,141,1466,4,20232024
8478971,Connor Ingram,50,23,136,1325,6,20232024
8479979,Jake Oettinger,54,35,140,1336,3,20232024
8479361,Joseph Woll,25,12,72,700,0,20232024
8480045,Ukko-Pekka Luukkonen,54,27,132,1338,5,20232024
8478965,Kenneth Appleby,1,0,2,6,0,20232024
8478009,Ilya Sorokin,56,25,167,1655,2,20232024
8482411,Hunter Shepard,4,2,13,110,0,20232024
8484312,Georgii Romanov,2,0,1,29,0,20232024
8470594,Marc-Andre Fleury,40,17,111,945,2,20232024
8475660,Cameron Talbot,54,27,130,1361,3,20232024
8478007,Elvis Merzlikins,41,13,130,1136,1,20232024
8481035,Samuel Ersson,51,23,132,1072,4,20232024
8481692,Dustin Wolf,17,7,50,417,0,20232024
8482445,Devin Cooley,6,2,25,167,0,20232024
8477967,Thatcher Demko,51,35,123,1369,5,20232024
8475883,Frederik Andersen,16,13,28,382,3,20232024
8484293,Yaniv Perets,1,0,0,1,0,20232024
8476433,Magnus Hellberg,3,1,5,59,0,20232024
8473503,James Reimer,24,10,69,594,1,20242025
8481611,Pyotr Kochetkov,47,27,121,1052,2,20242025
8482668,Tristan Lennox,1,0,1,1,0,20242025
8478435,Dan Vladar,30,12,83,727,2,20242025
8475683,Sergei Bobrovsky,54,33,130,1247,5,20242025
8483530,Jaxson Stauber,6,2,17,141,1,20242025
8480193,Daniil Tarasov,20,7,65,479,1,20242025
8482661,Jesper Wallstedt,2,0,8,43,0,20242025
8478971,Connor Ingram,22,9,66,492,0,20242025
8474682,Dustin Tokarski,6,4,13,119,1,20242025
8475852,Petr Mrazek,38,12,116,950,1,20242025
8481544,Mads Sogaard,2,1,8,32,0,20242025
8479496,David Rittich,34,16,88,684,0,20242025
8475660,Cameron Talbot,47,21,129,1167,2,20242025
8478024,Ville Husso,13,2,37,299,0,20242025
8477484,Spencer Martin,9,3,27,148,1,20242025
8482657,Sebastian Cossa,1,1,2,12,0,20242025
8481033,Akira Schmid,5,2,5,85,0,20242025
8477465,Tristan Jarry,36,16,105,867,2,20242025
8477968,Alex Nedeljkovic,38,14,112,942,1,20242025
8479406,Filip Gustavsson,58,31,146,1547,5,20242025
8476883,Andrei Vasilevskiy,63,38,136,1581,6,20242025
8479973,Stuart Skinner,51,26,138,1187,3,20242025
8476914,Joonas Korpisalo,27,11,74,619,3,20242025
8476932,Anthony Stolarz,34,21,71,884,4,20242025
8477990,Brandon Halverson,1,0,5,19,0,20242025
8482821,Arvid Soderblom,36,10,111,976,0,20242025
8482783,Aleksei Kolosov,17,5,54,352,0,20242025
8480981,Joel Hofer,31,16,74,693,1,20242025
8478905,Ivan Fedotov,26,6,75,549,0,20242025
8478039,Kaapo Kahkonen,1,0,4,16,0,20242025
8473575,Semyon Varlamov,10,3,29,233,0,20242025
8478916,Joey Daccord,57,27,151,1449,2,20242025
8477992,Jonas Johansson,19,9,58,496,1,20242025
8480843,Lukas Dostal,54,23,158,1467,1,20242025
8480313,Logan Thompson,43,31,105,1067,2,20242025
8476899,Matt Murray,2,1,7,51,0,20242025
8475717,Calvin Pickard,36,22,85,764,0,20242025
8476945,Connor Hellebuyck,63,47,125,1539,8,20242025
8474596,Jake Allen,31,13,77,744,4,20242025
8480885,Olivier Rodrigue,2,0,4,25,0,20242025
8479292,Charlie Lindgren,39,20,104,883,1,20242025
8482137,Yaroslav Askarov,13,4,37,320,0,20242025
8482487,Jakub Dobes,16,7,40,400,1,20242025
8482982,Jet Greaves,11,7,21,318,2,20242025
8471734,Jonathan Quick,24,11,70,587,3,20242025
8481519,Spencer Knight,38,17,100,912,2,20242025
8475831,Philipp Grubauer,26,8,85,596,0,20242025
8476412,Jordan Binnington,56,28,145,1312,3,20242025
8484268,Nikita Tolopilo,2,1,3,23,0,20242025
8480947,Kevin Lankinen,51,25,132,1213,4,20242025
8482221,Devon Levi,9,2,33,225,0,20242025
8481668,Arturs Silovs,10,2,33,205,0,20242025
8480280,Jeremy Swayman,58,22,176,1456,4,20242025
8475809,Scott Wedgewood,24,14,53,525,2,20242025
8482123,Drew Commesso,2,0,4,22,0,20242025
8474593,Jacob Markstrom,49,26,121,1093,4,20242025
8476999,Linus Ullmark,44,25,112,1118,4,20242025
8475839,Louis Domingue,1,1,2,25,0,20242025
8478492,Ilya Samsonov,29,16,82,670,2,20242025
8482446,Joel Blomqvist,15,4,49,376,0,20242025
8478499,Adin Hill,50,32,121,1172,4,20242025
8476341,Anton Forsberg,30,11,76,692,3,20242025
8477424,Juuse Saros,58,20,167,1426,4,20242025
8476434,John Gibson,29,11,72,740,0,20242025
8480051,Cayden Primeau,11,2,41,209,0,20242025
8482076,Nico Daws,6,3,7,107,1,20242025
8478470,Samuel Montembeault,62,31,166,1513,4,20242025
8478872,Karel Vejmelka,58,26,145,1364,1,20242025
8481020,Justus Annunen,34,15,95,719,0,20242025
8477480,Eric Comrie,20,9,47,500,2,20242025
8477831,Pheonix Copley,1,0,2,10,0,20242025
8483710,Dennis Hildeby,6,3,20,137,0,20242025
8483668,Nikke Kokko,1,0,2,4,0,20242025
8482447,Leevi Meriläinen,12,8,22,273,3,20242025
8475311,Darcy Kuemper,50,31,100,1168,5,20242025
8479312,Alex Lyon,30,14,73,632,1,20242025
8477970,Vitek Vanecek,25,5,84,640,1,20242025
8478848,Ales Stezka,1,0,3,20,0,20242025
8478048,Igor Shesterkin,61,27,167,1584,6,20242025
8478009,Ilya Sorokin,61,30,158,1538,4,20242025
8479361,Joseph Woll,42,27,111,1105,1,20242025
8480045,Ukko-Pekka Luukkonen,55,24,169,1321,2,20242025
8479979,Jake Oettinger,58,36,147,1464,2,20242025
8481707,Erik Portillo,1,1,1,28,0,20242025
8483532,Clay Stevenson,1,0,5,33,0,20242025
8482411,Hunter Shepard,1,0,7,19,0,20242025
8484312,Georgii Romanov,8,0,27,192,0,20242025
8480382,Alexandar Georgiev,49,15,165,1152,0,20242025
8478406,Mackenzie Blackwood,56,28,137,1413,4,20242025
8479193,Casey DeSmith,27,14,65,696,2,20242025
8480819,Jakub Skarek,2,0,5,34,0,20242025
8470594,Marc-Andre Fleury,26,14,68,602,1,20242025
8481692,Dustin Wolf,53,29,140,1409,3,20242025
8478007,Elvis Merzlikins,53,26,168,1389,1,20242025
8477405,Marcus Hogberg,15,2,41,294,0,20242025
8475883,Frederik Andersen,22,13,55,491,1,20242025
8481035,Samuel Ersson,47,22,136,1026,2,20242025
8477967,Thatcher Demko,23,10,63,506,1,20242025
8484910,Victor Ostman,1,0,0,12,0,20242025
8481529,Trent Miner,2,0,4,29,0,20242025
8480191,Matt Villalta,1,1,3,28,0,20242025
8484293,Yaniv Perets,1,0,1,6,0,20242025
8481611,Pyotr Kochetkov,9,6,19,170,1,20252026
8475852,Petr Mrazek,10,3,35,212,0,20252026
8480193,Daniil Tarasov,33,13,97,828,0,20252026
8475683,Sergei Bobrovsky,52,27,154,1096,4,20252026
8479496,David Rittich,30,14,76,644,2,20252026
8482661,Jesper Wallstedt,35,18,87,934,4,20252026
8482193,Dylan Garand,3,2,5,91,0,20252026
8475660,Cameron Talbot,34,12,93,704,0,20252026
8481544,Mads Sogaard,2,1,6,30,0,20252026
8481033,Akira Schmid,34,16,85,706,2,20252026
8476883,Andrei Vasilevskiy,58,39,132,1353,2,20252026
8479406,Filip Gustavsson,50,28,133,1245,4,20252026
8476914,Joonas Korpisalo,31,14,90,761,1,20252026
8476932,Anthony Stolarz,26,10,76,632,0,20252026
8477990,Brandon Halverson,2,0,4,17,0,20252026
8482821,Arvid Soderblom,26,8,93,681,1,20252026
8482949,Arsenii Sergeev,1,1,1,27,0,20252026
8482783,Aleksei Kolosov,4,0,8,39,0,20252026
8480981,Joel Hofer,46,24,114,1137,6,20252026
8479312,Alex Lyon,36,20,92,888,3,20252026
8478916,Joey Daccord,47,20,136,1173,2,20252026
8478024,Ville Husso,20,10,62,472,0,20252026
8482445,Devin Cooley,31,10,77,770,0,20252026
8477992,Jonas Johansson,25,11,78,592,0,20252026
8476341,Anton Forsberg,36,16,87,866,3,20252026
8482515,Artur Akhtyamov,3,0,11,71,0,20252026
8478406,Mackenzie Blackwood,39,23,90,843,3,20252026
8480843,Lukas Dostal,56,30,169,1344,0,20252026
8480313,Logan Thompson,58,31,140,1447,4,20252026
8477484,Spencer Martin,6,1,20,127,0,20252026
8481668,Arturs Silovs,39,19,115,906,2,20252026
8482761,Carl Lindbom,8,2,24,165,0,20252026
8475717,Calvin Pickard,16,5,53,357,0,20252026
8476945,Connor Hellebuyck,57,23,162,1385,0,20252026
8474596,Jake Allen,37,17,100,932,1,20252026
8483703,Sergei Murashov,5,1,12,104,1,20252026
8479292,Charlie Lindgren,21,9,73,529,1,20252026
8482487,Jakub Dobes,43,29,117,1070,0,20252026
8482137,Yaroslav Askarov,47,21,157,1185,0,20252026
8484170,Jacob Fowler,17,9,41,407,1,20252026
8482982,Jet Greaves,55,26,142,1397,2,20252026
8471734,Jonathan Quick,25,6,73,598,2,20252026
8475831,Philipp Grubauer,32,13,79,787,0,20252026
8476412,Jordan Binnington,41,13,128,882,1,20252026
8481519,Spencer Knight,55,19,155,1428,3,20252026
8484268,Nikita Tolopilo,21,6,69,513,0,20252026
8482411,Hunter Shepard,1,0,2,10,0,20252026
8480947,Kevin Lankinen,47,11,160,1125,0,20252026
8477968,Alex Nedeljkovic,40,18,109,940,0,20252026
8483548,Brandon Bussi,39,31,97,816,2,20252026
8478435,Dan Vladar,52,29,121,1162,0,20252026
8483114,Thomas Milic,3,0,8,54,0,20252026
8483746,Vyacheslav Buteyets,1,0,3,10,0,20252026
8478971,Connor Ingram,32,16,77,686,2,20252026
8479394,Carter Hart,18,11,46,376,0,20252026
8480280,Jeremy Swayman,55,31,146,1426,2,20252026
8480238,Jiri Patera,1,0,7,33,0,20252026
8476316,Laurent Brossoit,1,0,6,18,0,20252026
8482123,Drew Commesso,3,2,7,78,1,20252026
8480022,Michael DiPietro,1,0,0,2,0,20252026
8474593,Jacob Markstrom,44,23,130,983,1,20252026
8476999,Linus Ullmark,49,28,131,1067,3,20252026
8481020,Justus Annunen,28,10,67,645,1,20252026
8479973,Stuart Skinner,50,23,142,1125,2,20252026
8478499,Adin Hill,27,10,76,511,1,20252026
8477424,Juuse Saros,59,28,181,1519,0,20252026
8477465,Tristan Jarry,33,18,98,734,2,20252026
8482076,Nico Daws,3,2,8,79,0,20252026
8478470,Samuel Montembeault,25,10,81,554,0,20252026
8478872,Karel Vejmelka,64,38,169,1458,2,20252026
8483710,Dennis Hildeby,20,5,48,501,1,20252026
8477480,Eric Comrie,25,12,72,582,0,20252026
8477831,Pheonix Copley,1,0,3,25,0,20252026
8483668,Nikke Kokko,3,1,9,73,0,20252026
8482447,Leevi Meriläinen,20,8,64,393,0,20252026
8475311,Darcy Kuemper,50,19,134,1100,3,20252026
8481551,Colten Ellis,16,8,44,411,1,20252026
8478048,Igor Shesterkin,51,25,126,1299,1,20252026
8480051,Cayden Primeau,3,2,13,67,0,20252026
8483532,Clay Stevenson,4,3,8,93,0,20252026
8478009,Ilya Sorokin,55,29,144,1386,7,20252026
8479361,Joseph Woll,39,15,124,1097,2,20252026
8480045,Ukko-Pekka Luukkonen,35,22,85,846,1,20252026
8479979,Jake Oettinger,54,35,138,1234,4,20252026
8479193,Casey DeSmith,30,15,71,689,1,20252026
8473503,James Reimer,14,7,33,256,1,20252026
8481692,Dustin Wolf,57,23,158,1401,2,20252026
8478007,Elvis Merzlikins,30,14,95,717,1,20252026
8481529,Trent Miner,4,1,8,97,1,20252026
8481035,Samuel Ersson,33,14,97,647,0,20252026
8477967,Thatcher Demko,20,8,54,461,1,20252026
8475809,Scott Wedgewood,45,31,86,1007,4,20252026
8475883,Frederik Andersen,35,16,107,742,0,20252026
8477405,Marcus Hogberg,1,0,2,5,0,20252026
8484910,Victor Ostman,1,0,2,33,0,20252026
8476434,John Gibson,57,29,144,1317,4,20252026
8477970,Vitek Vanecek,22,5,59,447,1,20252026
8476899,Matt Murray,5,0,8,94,0,20252026
8478009,Ilya Sorokin,28,15,75,677,3,20252026_2H
8479406,Filip Gustavsson,22,14,62,527,1,20252026_2H
8478470,Samuel Montembeault,6,2,22,144,0,20252026_2H
8478007,Elvis Merzlikins,15,8,37,304,1,20252026_2H
8478048,Igor Shesterkin,17,8,44,435,0,20252026_2H
8474593,Jacob Markstrom,20,11,55,438,1,20252026_2H
8475809,Scott Wedgewood,17,12,27,351,2,20252026_2H
8479496,David Rittich,11,3,30,179,0,20252026_2H
8476932,Anthony Stolarz,13,4,35,320,0,20252026_2H
8476883,Andrei Vasilevskiy,30,20,69,684,1,20252026_2H
8476434,John Gibson,29,12,69,622,1,20252026_2H
8482982,Jet Greaves,23,12,55,542,2,20252026_2H
8477968,Alex Nedeljkovic,20,11,50,461,0,20252026_2H
8481035,Samuel Ersson,16,8,40,310,0,20252026_2H
8480022,Michael DiPietro,1,0,0,2,0,20252026_2H
8482487,Jakub Dobes,21,15,54,568,0,20252026_2H
8482123,Drew Commesso,1,1,2,23,0,20252026_2H
8479973,Stuart Skinner,20,9,64,474,0,20252026_2H
8476316,Laurent Brossoit,1,0,6,18,0,20252026_2H
8483532,Clay Stevenson,4,3,8,93,0,20252026_2H
8481519,Spencer Knight,24,6,74,608,1,20252026_2H
8483710,Dennis Hildeby,3,1,5,71,0,20252026_2H
8480981,Joel Hofer,21,14,51,555,2,20252026_2H
8476999,Linus Ullmark,21,14,49,462,2,20252026_2H
8478916,Joey Daccord,20,8,62,492,0,20252026_2H
8482445,Devin Cooley,17,5,48,444,0,20252026_2H
8478971,Connor Ingram,25,12,58,508,2,20252026_2H
8482076,Nico Daws,2,1,7,49,0,20252026_2H
8480843,Lukas Dostal,26,16,80,631,0,20252026_2H
8478499,Adin Hill,22,9,66,432,1,20252026_2H
8482515,Artur Akhtyamov,2,0,11,66,0,20252026_2H
8477484,Spencer Martin,4,1,15,106,0,20252026_2H
8476412,Jordan Binnington,14,5,41,296,0,20252026_2H
8477480,Eric Comrie,8,5,20,185,0,20252026_2H
8482661,Jesper Wallstedt,16,6,40,382,0,20252026_2H
8480045,Ukko-Pekka Luukkonen,18,12,42,439,1,20252026_2H
8476945,Connor Hellebuyck,30,12,88,725,0,20252026_2H
8480193,Daniil Tarasov,19,8,59,470,0,20252026_2H
8477970,Vitek Vanecek,9,3,22,168,1,20252026_2H
8484268,Nikita Tolopilo,16,4,54,386,0,20252026_2H
8474596,Jake Allen,13,6,37,322,0,20252026_2H
8477990,Brandon Halverson,1,0,4,17,0,20252026_2H
8478872,Karel Vejmelka,29,17,81,669,1,20252026_2H
8478435,Dan Vladar,24,13,54,523,0,20252026_2H
8480280,Jeremy Swayman,23,13,58,594,1,20252026_2H
8481551,Colten Ellis,6,3,15,149,1,20252026_2H
8475660,Cameron Talbot,12,1,31,191,0,20252026_2H
8479361,Joseph Woll,21,4,81,614,0,20252026_2H
8477424,Juuse Saros,23,10,78,621,0,20252026_2H
8482821,Arvid Soderblom,12,3,41,325,1,20252026_2H
8481668,Arturs Silovs,18,11,53,402,1,20252026_2H
8473503,James Reimer,14,7,33,256,1,20252026_2H
8477992,Jonas Johansson,7,1,31,185,0,20252026_2H
8476914,Joonas Korpisalo,14,6,40,338,0,20252026_2H
8471734,Jonathan Quick,10,3,30,260,1,20252026_2H
8479292,Charlie Lindgren,6,2,27,164,0,20252026_2H
8475831,Philipp Grubauer,15,4,43,361,0,20252026_2H
8481544,Mads Sogaard,1,1,1,19,0,20252026_2H
8478024,Ville Husso,10,5,32,244,0,20252026_2H
8482783,Aleksei Kolosov,2,0,6,13,0,20252026_2H
8480313,Logan Thompson,25,14,64,620,2,20252026_2H
8479312,Alex Lyon,15,10,38,365,2,20252026_2H
8479394,Carter Hart,6,6,10,133,0,20252026_2H
8475311,Darcy Kuemper,20,7,61,411,1,20252026_2H
8484170,Jacob Fowler,8,5,19,191,0,20252026_2H
8478406,Mackenzie Blackwood,23,10,60,479,1,20252026_2H
8481033,Akira Schmid,10,2,28,217,0,20252026_2H
8481692,Dustin Wolf,21,9,58,523,0,20252026_2H
8479979,Jake Oettinger,25,18,61,524,2,20252026_2H
8480947,Kevin Lankinen,24,5,86,546,0,20252026_2H
8483668,Nikke Kokko,3,1,9,73,0,20252026_2H
8482193,Dylan Garand,3,2,5,91,0,20252026_2H
8477465,Tristan Jarry,15,6,50,288,1,20252026_2H
8483548,Brandon Bussi,19,15,50,383,1,20252026_2H
8482949,Arsenii Sergeev,1,1,1,27,0,20252026_2H
8479193,Casey DeSmith,11,5,25,218,0,20252026_2H
8475883,Frederik Andersen,16,10,43,340,0,20252026_2H
8475683,Sergei Bobrovsky,20,8,63,424,1,20252026_2H
8481020,Justus Annunen,15,6,32,384,1,20252026_2H
8482137,Yaroslav Askarov,18,5,64,430,0,20252026_2H
8482447,Leevi Meriläinen,1,0,6,13,0,20252026_2H
8476341,Anton Forsberg,19,9,44,476,2,20252026_2H
8484910,Victor Ostman,1,0,2,33,0,20252026_2H
